,Sequence,Fitness
0,AAA,0.660972597708149
1,AAC,0.36634194951829385
2,AAD,0.6457100193331815
3,AAE,0.4342208225137681
4,AAF,0.3746929246583692
5,AAG,0.46383685524010865
6,AAH,0.5551402098466004
7,AAI,0.5499634099169265
8,AAK,0.5725812609431266
9,AAL,0.60522346519972
10,ACA,0.7142061857723903
11,ACC,0.419575537582535
12,ACD,0.6989436073974228
13,ACE,0.48745441057800926
14,ACF,0.42792651272261023
15,ACG,0.5170704433043498
16,ACH,0.6083737979108416
17,ACI,0.6031969979811677
18,ACK,0.6258148490073676
19,ACL,0.6584570532639611
20,ADA,0.7410750874071952
21,ADC,0.44644443921734006
22,ADD,0.7258125090322277
23,ADE,0.5143233122128142
24,ADF,0.45479541435741533
25,ADG,0.5439393449391549
26,ADH,0.6352426995456465
27,ADI,0.6300658996159726
28,ADK,0.6526837506421727
29,ADL,0.6853259548987661
30,AEA,0.5724500786988383
31,AEC,0.2778194305089831
32,AED,0.5571875003238708
33,AEE,0.34569830350445735
34,AEF,0.2861704056490583
35,AEG,0.37531433623079785
36,AEH,0.4666176908372896
37,AEI,0.4614408909076157
38,AEK,0.48405874193381565
39,AEL,0.5167009461904092
40,AFA,0.5888356993054699
41,AFC,0.29420505111561474
42,AFD,0.5735731209305024
43,AFE,0.362083924111089
44,AFF,0.30255602625568995
45,AFG,0.3916999568374295
46,AFH,0.4830033114439212
47,AFI,0.47782651151424727
48,AFK,0.5004443625404473
49,AFL,0.5330865667970408
50,AGA,0.41424860237957684
51,AGC,0.11961795418972165
52,AGD,0.3989860240046093
53,AGE,0.1874968271851959
54,AGF,0.1279689293297969
55,AGG,0.21711285991153642
56,AGH,0.30841621451802814
57,AGI,0.30323941458835424
58,AGK,0.32585726561455425
59,AGL,0.3584994698711477
60,AHA,0.4384590656834362
61,AHC,0.143828417493581
62,AHD,0.42319648730846865
63,AHE,0.21170729048905523
64,AHF,0.15217939263365624
65,AHG,0.24132332321539576
66,AHH,0.3326266778218875
67,AHI,0.3274498778922136
68,AHK,0.3500677289184136
69,AHL,0.38270993317500707
70,AIA,0.5056965233565758
71,AIC,0.2110658751667206
72,AID,0.49043394498160825
73,AIE,0.27894474816219483
74,AIF,0.21941685030679584
75,AIG,0.3085607808885354
76,AIH,0.39986413549502703
77,AII,0.39468733556535324
78,AIK,0.4173051865915532
79,AIL,0.44994739084814667
80,AKA,0.6218848477847144
81,AKC,0.3272541995948592
82,AKD,0.6066222694097468
83,AKE,0.3951330725903334
84,AKF,0.3356051747349344
85,AKG,0.4247491053166739
86,AKH,0.5160524599231656
87,AKI,0.5108756599934917
88,AKK,0.5334935110196918
89,AKL,0.5661357152762853
90,ALA,0.5916936594019063
91,ALC,0.2970630112120512
92,ALD,0.5764310810269389
93,ALE,0.36494188420752544
94,ALF,0.30541398635212647
95,ALG,0.394557916933866
96,ALH,0.4858612715403577
97,ALI,0.4806844716106838
98,ALK,0.5033023226368839
99,ALL,0.5359445268934774
100,CAA,0.7943330327394404
101,CAC,0.4997023845495852
102,CAD,0.779070454364473
103,CAE,0.5675812575450595
104,CAF,0.5080533596896605
105,CAG,0.5971972902714
106,CAH,0.6885006448778918
107,CAI,0.6833238449482177
108,CAK,0.7059416959744178
109,CAL,0.7385839002310113
110,CCA,0.8475666208036815
111,CCC,0.5529359726138264
112,CCD,0.832304042428714
113,CCE,0.6208148456093007
114,CCF,0.5612869477539016
115,CCG,0.6504308783356412
116,CCH,0.7417342329421329
117,CCI,0.736557433012459
118,CCK,0.7591752840386591
119,CCL,0.7918174882952526
120,CDA,0.8744355224384867
121,CDC,0.5798048742486314
122,CDD,0.8591729440635191
123,CDE,0.6476837472441056
124,CDF,0.5881558493887066
125,CDG,0.6772997799704461
126,CDH,0.7686031345769379
127,CDI,0.763426334647264
128,CDK,0.786044185673464
129,CDL,0.8186863899300575
130,CEA,0.7058105137301297
131,CEC,0.4111798655402745
132,CED,0.6905479353551622
133,CEE,0.47905873853574876
134,CEF,0.41953084068034974
135,CEG,0.5086747712620893
136,CEH,0.599978125868581
137,CEI,0.5948013259389071
138,CEK,0.6174191769651071
139,CEL,0.6500613812217005
140,CFA,0.7221961343367612
141,CFC,0.4275654861469061
142,CFD,0.7069335559617937
143,CFE,0.49544435914238033
144,CFF,0.4359164612869814
145,CFG,0.5250603918687209
146,CFH,0.6163637464752126
147,CFI,0.6111869465455387
148,CFK,0.6338047975717388
149,CFL,0.6664470018283323
150,CGA,0.5476090374108682
151,CGC,0.25297838922101307
152,CGD,0.5323464590359007
153,CGE,0.3208572622164873
154,CGF,0.2613293643610883
155,CGG,0.3504732949428278
156,CGH,0.44177664954931956
157,CGI,0.43659984961964565
158,CGK,0.4592177006458457
159,CGL,0.4918599049024392
160,CHA,0.5718195007147275
161,CHC,0.2771888525248724
162,CHD,0.5565569223397601
163,CHE,0.34506772552034665
164,CHF,0.2855398276649476
165,CHG,0.37468375824668715
166,CHH,0.4659871128531789
167,CHI,0.460810312923505
168,CHK,0.48342816394970506
169,CHL,0.5160703682062985
170,CIA,0.6390569583878672
171,CIC,0.344426310198012
172,CID,0.6237943800128997
173,CIE,0.41230518319348625
174,CIF,0.3527772853380872
175,CIG,0.44192121591982675
176,CIH,0.5332245705263184
177,CII,0.5280477705966445
178,CIK,0.5506656216228446
179,CIL,0.5833078258794381
180,CKA,0.7552452828160058
181,CKC,0.4606146346261506
182,CKD,0.7399827044410383
183,CKE,0.5284935076216248
184,CKF,0.4689656097662258
185,CKG,0.5581095403479653
186,CKH,0.6494128949544571
187,CKI,0.6442360950247832
188,CKK,0.6668539460509831
189,CKL,0.6994961503075766
190,CLA,0.7250540944331978
191,CLC,0.43042344624334256
192,CLD,0.7097915160582303
193,CLE,0.4983023192388168
194,CLF,0.43877442138341777
195,CLG,0.5279183519651574
196,CLH,0.6192217065716491
197,CLI,0.6140449066419752
198,CLK,0.6366627576681751
199,CLL,0.6693049619247686
200,DAA,0.8879132542443479
201,DAC,0.5932826060544926
202,DAD,0.8726506758693803
203,DAE,0.6611614790499668
204,DAF,0.6016335811945678
205,DAG,0.6907775117763073
206,DAH,0.7820808663827991
207,DAI,0.7769040664531252
208,DAK,0.7995219174793252
209,DAL,0.8321641217359187
210,DCA,0.9411468423085889
211,DCC,0.6465161941187337
212,DCD,0.9258842639336214
213,DCE,0.714395067114208
214,DCF,0.654867169258809
215,DCG,0.7440110998405484
216,DCH,0.8353144544470402
217,DCI,0.8301376545173662
218,DCK,0.8527555055435663
219,DCL,0.8853977098001597
220,DDA,0.968015743943394
221,DDC,0.6733850957535387
222,DDD,0.9527531655684265
223,DDE,0.741263968749013
224,DDF,0.681736070893614
225,DDG,0.7708800014753535
226,DDH,0.8621833560818453
227,DDI,0.8570065561521713
228,DDK,0.8796244071783713
229,DDL,0.9122666114349648
230,DEA,0.799390735235037
231,DEC,0.5047600870451818
232,DED,0.7841281568600694
233,DEE,0.5726389600406561
234,DEF,0.5131110621852571
235,DEG,0.6022549927669966
236,DEH,0.6935583473734882
237,DEI,0.6883815474438144
238,DEK,0.7109993984700145
239,DEL,0.743641602726608
240,DFA,0.8157763558416686
241,DFC,0.5211457076518135
242,DFD,0.8005137774667012
243,DFE,0.5890245806472877
244,DFF,0.5294966827918887
245,DFG,0.6186406133736282
246,DFH,0.7099439679801199
247,DFI,0.7047671680504459
248,DFK,0.727385019076646
249,DFL,0.7600272233332395
250,DGA,0.6411892589157756
251,DGC,0.3465586107259204
252,DGD,0.625926680540808
253,DGE,0.4144374837213946
254,DGF,0.35490958586599564
255,DGG,0.4440535164477352
256,DGH,0.5353568710542268
257,DGI,0.530180071124553
258,DGK,0.552797922150753
259,DGL,0.5854401264073464
260,DHA,0.665399722219635
261,DHC,0.3707690740297797
262,DHD,0.6501371438446674
263,DHE,0.43864794702525395
264,DHF,0.3791200491698549
265,DHG,0.46826397975159445
266,DHH,0.5595673343580861
267,DHI,0.5543905344284122
268,DHK,0.5770083854546123
269,DHL,0.6096505897112058
270,DIA,0.7326371798927745
271,DIC,0.43800653170291937
272,DID,0.7173746015178071
273,DIE,0.5058854046983936
274,DIF,0.4463575068429946
275,DIG,0.5355014374247341
276,DIH,0.6268047920312259
277,DII,0.621627992101552
278,DIK,0.6442458431277519
279,DIL,0.6768880473843454
280,DKA,0.8488255043209131
281,DKC,0.5541948561310579
282,DKD,0.8335629259459455
283,DKE,0.6220737291265321
284,DKF,0.5625458312711332
285,DKG,0.6516897618528726
286,DKH,0.7429931164593645
287,DKI,0.7378163165296905
288,DKK,0.7604341675558906
289,DKL,0.793076371812484
290,DLA,0.8186343159381052
291,DLC,0.5240036677482499
292,DLD,0.8033717375631376
293,DLE,0.5918825407437242
294,DLF,0.5323546428883251
295,DLG,0.6214985734700648
296,DLH,0.7128019280765564
297,DLI,0.7076251281468826
298,DLK,0.7302429791730826
299,DLL,0.762885183429676
300,EAA,0.6677083781797898
301,EAC,0.37307772998993455
302,EAD,0.6524457998048222
303,EAE,0.4409566029854088
304,EAF,0.38142870513000976
305,EAG,0.4705726357117493
306,EAH,0.561875990318241
307,EAI,0.5566991903885671
308,EAK,0.5793170414147671
309,EAL,0.6119592456713606
310,ECA,0.7209419662440308
311,ECC,0.4263113180541757
312,ECD,0.7056793878690634
313,ECE,0.49419019104964995
314,ECF,0.434662293194251
315,ECG,0.5238062237759905
316,ECH,0.6151095783824821
317,ECI,0.6099327784528082
318,ECK,0.6325506294790083
319,ECL,0.6651928337356018
320,EDA,0.7478108678788359
321,EDC,0.4531802196889807
322,EDD,0.7325482895038684
323,EDE,0.5210590926844549
324,EDF,0.4615311948290559
325,EDG,0.5506751254107954
326,EDH,0.6419784800172872
327,EDI,0.6368016800876133
328,EDK,0.6594195311138132
329,EDL,0.6920617353704067
330,EEA,0.5791858591704789
331,EEC,0.2845552109806238
332,EED,0.5639232807955115
333,EEE,0.35243408397609804
334,EEF,0.292906186120699
335,EEG,0.38205011670243855
336,EEH,0.4733534713089303
337,EEI,0.46817667137925634
338,EEK,0.4907945224054564
339,EEL,0.5234367266620499
340,EFA,0.5955714797771106
341,EFC,0.30094083158725543
342,EFD,0.5803089014021431
343,EFE,0.36881970458272967
344,EFF,0.30929180672733064
345,EFG,0.39843573730907017
346,EFH,0.4897390919155619
347,EFI,0.484562291985888
348,EFK,0.507180143012088
349,EFL,0.5398223472686815
350,EGA,0.4209843828512175
351,EGC,0.12635373466136235
352,EGD,0.40572180447625
353,EGE,0.1942326076568366
354,EGF,0.1347047098014376
355,EGG,0.22384864038317712
356,EGH,0.31515199498966884
357,EGI,0.30997519505999493
358,EGK,0.33259304608619494
359,EGL,0.3652352503427885
360,EHA,0.4451948461550768
361,EHC,0.1505641979652217
362,EHD,0.42993226778010935
363,EHE,0.21844307096069593
364,EHF,0.15891517310529693
365,EHG,0.24805910368703646
366,EHH,0.3393624582935282
367,EHI,0.3341856583638543
368,EHK,0.35680350939005434
369,EHL,0.3894457136466478
370,EIA,0.5124323038282165
371,EIC,0.2178016556383613
372,EID,0.497169725453249
373,EIE,0.28568052863383553
374,EIF,0.22615263077843653
375,EIG,0.3152965613601761
376,EIH,0.4065999159666678
377,EII,0.4014231160369939
378,EIK,0.4240409670631939
379,EIL,0.45668317131978736
380,EKA,0.628620628256355
381,EKC,0.3339899800664998
382,EKD,0.6133580498813875
383,EKE,0.4018688530619741
384,EKF,0.3423409552065751
385,EKG,0.4314848857883146
386,EKH,0.5227882403948064
387,EKI,0.5176114404651324
388,EKK,0.5402292914913325
389,EKL,0.572871495747926
390,ELA,0.5984294398735471
391,ELC,0.3037987916836919
392,ELD,0.5831668614985795
393,ELE,0.37167766467916613
394,ELF,0.31214976682376716
395,ELG,0.40129369740550674
396,ELH,0.4925970520119984
397,ELI,0.48742025208232453
398,ELK,0.5100381031085245
399,ELL,0.542680307365118
400,FAA,0.6878297111016926
401,FAC,0.39319906291183737
402,FAD,0.6725671327267251
403,FAE,0.4610779359073116
404,FAF,0.4015500380519126
405,FAG,0.49069396863365217
406,FAH,0.5819973232401439
407,FAI,0.57682052331047
408,FAK,0.5994383743366699
409,FAL,0.6320805785932634
410,FCA,0.7410632991659337
411,FCC,0.4464326509760785
412,FCD,0.7258007207909661
413,FCE,0.5143115239715527
414,FCF,0.4547836261161537
415,FCG,0.5439275566978933
416,FCH,0.6352309113043849
417,FCI,0.630054111374711
418,FCK,0.6526719624009111
419,FCL,0.6853141666575046
420,FDA,0.7679322008007388
421,FDC,0.4733015526108835
422,FDD,0.7526696224257713
423,FDE,0.5411804256063578
424,FDF,0.48165252775095874
425,FDG,0.5707964583326983
426,FDH,0.6620998129391901
427,FDI,0.6569230130095162
428,FDK,0.6795408640357161
429,FDL,0.7121830682923096
430,FEA,0.5993071920923817
431,FEC,0.3046765439025266
432,FED,0.5840446137174142
433,FEE,0.3725554168980008
434,FEF,0.31302751904260184
435,FEG,0.40217144962434137
436,FEH,0.49347480423083306
437,FEI,0.48829800430115916
438,FEK,0.5109158553273593
439,FEL,0.5435580595839528
440,FFA,0.6156928126990134
441,FFC,0.3210621645091582
442,FFD,0.6004302343240459
443,FFE,0.38894103750463244
444,FFF,0.32941313964923347
445,FFG,0.41855707023097305
446,FFH,0.5098604248374646
447,FFI,0.5046836249077908
448,FFK,0.5273014759339908
449,FFL,0.5599436801905843
450,FGA,0.44110571577312035
451,FGC,0.14647506758326514
452,FGD,0.4258431373981528
453,FGE,0.21435394057873938
454,FGF,0.1548260427233404
455,FGG,0.24396997330507994
456,FGH,0.3352733279115716
457,FGI,0.33009652798189776
458,FGK,0.35271437900809777
459,FGL,0.38535658326469124
460,FHA,0.4653161790769797
461,FHC,0.1706855308871245
462,FHD,0.45005360070201217
463,FHE,0.23856440388259872
464,FHF,0.17903650602719975
465,FHG,0.26818043660893925
466,FHH,0.35948379121543095
467,FHI,0.3543069912857571
468,FHK,0.3769248423119571
469,FHL,0.4095670465685506
470,FIA,0.5325536367501192
471,FIC,0.2379229885602641
472,FID,0.5172910583751518
473,FIE,0.30580186155573835
474,FIF,0.24627396370033935
475,FIG,0.33541789428207885
476,FIH,0.4267212488885706
477,FII,0.42154444895889664
478,FIK,0.4441622999850967
479,FIL,0.4768045042416902
480,FKA,0.6487419611782578
481,FKC,0.35411131298840265
482,FKD,0.6334793828032903
483,FKE,0.4219901859838769
484,FKF,0.36246228812847797
485,FKG,0.45160621871021744
486,FKH,0.5429095733167092
487,FKI,0.5377327733870353
488,FKK,0.5603506244132354
489,FKL,0.5929928286698288
490,FLA,0.6185507727954499
491,FLC,0.3239201246055947
492,FLD,0.6032881944204824
493,FLE,0.39179899760106895
494,FLF,0.33227109974567
495,FLG,0.4214150303274095
496,FLH,0.5127183849339012
497,FLI,0.5075415850042273
498,FLK,0.5301594360304273
499,FLL,0.5628016402870207
500,GAA,0.8400729290134751
501,GAC,0.5454422808236198
502,GAD,0.8248103506385075
503,GAE,0.613321153819094
504,GAF,0.553793255963695
505,GAG,0.6429371865454346
506,GAH,0.7342405411519263
507,GAI,0.7290637412222525
508,GAK,0.7516815922484524
509,GAL,0.7843237965050459
510,GCA,0.8933065170777161
511,GCC,0.598675868887861
512,GCD,0.8780439387027487
513,GCE,0.6665547418833352
514,GCF,0.6070268440279362
515,GCG,0.6961707746096758
516,GCH,0.7874741292161674
517,GCI,0.7822973292864935
518,GCK,0.8049151803126935
519,GCL,0.837557384569287
520,GDA,0.9201754187125212
521,GDC,0.625544770522666
522,GDD,0.9049128403375537
523,GDE,0.6934236435181402
524,GDF,0.6338957456627412
525,GDG,0.7230396762444808
526,GDH,0.8143430308509725
527,GDI,0.8091662309212987
528,GDK,0.8317840819474985
529,GDL,0.864426286204092
530,GEA,0.7515504100041642
531,GEC,0.45691976181430904
532,GED,0.7362878316291966
533,GEE,0.5247986348097833
534,GEF,0.4652707369543843
535,GEG,0.5544146675361238
536,GEH,0.6457180221426155
537,GEI,0.6405412222129416
538,GEK,0.6631590732391417
539,GEL,0.6958012774957352
540,GFA,0.7679360306107959
541,GFC,0.4733053824209406
542,GFD,0.7526734522358284
543,GFE,0.5411842554164149
544,GFF,0.4816563575610158
545,GFG,0.5708002881427554
546,GFH,0.6621036427492472
547,GFI,0.6569268428195733
548,GFK,0.6795446938457732
549,GFL,0.7121868981023667
550,GGA,0.5933489336849028
551,GGC,0.2987182854950476
552,GGD,0.5780863553099352
553,GGE,0.3665971584905218
554,GGF,0.30706926063512285
555,GGG,0.39621319121686244
556,GGH,0.4875165458233541
557,GGI,0.4823397458936802
558,GGK,0.5049575969198802
559,GGL,0.5375998011764737
560,GHA,0.6175593969887622
561,GHC,0.32292874879890693
562,GHD,0.6022968186137946
563,GHE,0.39080762179438117
564,GHF,0.3312797239389822
565,GHG,0.4204236545207218
566,GHH,0.5117270091272134
567,GHI,0.5065502091975396
568,GHK,0.5291680602237395
569,GHL,0.561810264480333
570,GIA,0.6847968546619018
571,GIC,0.3901662064720466
572,GID,0.6695342762869343
573,GIE,0.4580450794675208
574,GIF,0.3985171816121218
575,GIG,0.4876611121938614
576,GIH,0.5789644668003531
577,GII,0.5737876668706792
578,GIK,0.5964055178968791
579,GIL,0.6290477221534726
580,GKA,0.8009851790900403
581,GKC,0.5063545309001851
582,GKD,0.7857226007150727
583,GKE,0.5742334038956594
584,GKF,0.5147055060402604
585,GKG,0.6038494366219999
586,GKH,0.6951527912284915
587,GKI,0.6899759912988177
588,GKK,0.7125938423250178
589,GKL,0.7452360465816112
590,GLA,0.7707939907072324
591,GLC,0.4761633425173772
592,GLD,0.7555314123322648
593,GLE,0.5440422155128514
594,GLF,0.4845143176574524
595,GLG,0.573658248239192
596,GLH,0.6649616028456836
597,GLI,0.6597848029160097
598,GLK,0.6824026539422098
599,GLL,0.7150448581988033
600,HAA,0.8600904070413654
601,HAC,0.5654597588515102
602,HAD,0.8448278286663978
603,HAE,0.6333386318469845
604,HAF,0.5738107339915856
605,HAG,0.662954664573325
606,HAH,0.7542580191798166
607,HAI,0.7490812192501428
608,HAK,0.7716990702763429
609,HAL,0.8043412745329364
610,HCA,0.9133239951056066
611,HCC,0.6186933469157514
612,HCD,0.8980614167306391
613,HCE,0.6865722199112256
614,HCF,0.6270443220558266
615,HCG,0.7161882526375661
616,HCH,0.8074916072440579
617,HCI,0.8023148073143839
618,HCK,0.8249326583405839
619,HCL,0.8575748625971774
620,HDA,0.9401928967404115
621,HDC,0.6455622485505564
622,HDD,0.924930318365444
623,HDE,0.7134411215460306
624,HDF,0.6539132236906317
625,HDG,0.7430571542723712
626,HDH,0.8343605088788628
627,HDI,0.829183708949189
628,HDK,0.8518015599753891
629,HDL,0.8844437642319826
630,HEA,0.7715678880320547
631,HEC,0.47693723984219943
632,HED,0.7563053096570872
633,HEE,0.5448161128376737
634,HEF,0.48528821498227465
635,HEG,0.5744321455640142
636,HEH,0.665735500170506
637,HEI,0.6605587002408321
638,HEK,0.683176551267032
639,HEL,0.7158187555236255
640,HFA,0.7879535086386863
641,HFC,0.4933228604488311
642,HFD,0.7726909302637188
643,HFE,0.5612017334443054
644,HFF,0.5016738355889063
645,HFG,0.5908177661706459
646,HFH,0.6821211207771376
647,HFI,0.6769443208474636
648,HFK,0.6995621718736637
649,HFL,0.7322043761302571
650,HGA,0.6133664117127932
651,HGC,0.31873576352293803
652,HGD,0.5981038333378257
653,HGE,0.38661463651841227
654,HGF,0.32708673866301324
655,HGG,0.41623066924475277
656,HGH,0.5075340238512446
657,HGI,0.5023572239215706
658,HGK,0.5249750749477706
659,HGL,0.5576172792043641
660,HHA,0.6375768750166525
661,HHC,0.3429462268267973
662,HHD,0.622314296641685
663,HHE,0.4108250998222716
664,HHF,0.3512972019668726
665,HHG,0.4404411325486121
666,HHH,0.5317444871551039
667,HHI,0.5265676872254299
668,HHK,0.54918553825163
669,HHL,0.5818277425082234
670,HIA,0.7048143326897921
671,HIC,0.4101836844999369
672,HID,0.6895517543148246
673,HIE,0.47806255749541116
674,HIF,0.41853465964001213
675,HIG,0.5076785902217517
676,HIH,0.5989819448282434
677,HII,0.5938051448985695
678,HIK,0.6164229959247695
679,HIL,0.6490652001813629
680,HKA,0.8210026571179307
681,HKC,0.5263720089280756
682,HKD,0.8057400787429633
683,HKE,0.5942508819235498
684,HKF,0.5347229840681508
685,HKG,0.6238669146498903
686,HKH,0.715170269256382
687,HKI,0.709993469326708
688,HKK,0.7326113203529081
689,HKL,0.7652535246095016
690,HLA,0.7908114687351228
691,HLC,0.4961808205452676
692,HLD,0.7755488903601552
693,HLE,0.5640596935407418
694,HLF,0.5045317956853429
695,HLG,0.5936757262670823
696,HLH,0.6849790808735742
697,HLI,0.6798022809439002
698,HLK,0.7024201319701002
699,HLL,0.7350623362266937
700,IAA,0.7999844136212819
701,IAC,0.5053537654314267
702,IAD,0.7847218352463144
703,IAE,0.573232638426901
704,IAF,0.5137047405715021
705,IAG,0.6028486711532416
706,IAH,0.6941520257597332
707,IAI,0.6889752258300593
708,IAK,0.7115930768562594
709,IAL,0.7442352811128529
710,ICA,0.8532180016855232
711,ICC,0.5585873534956679
712,ICD,0.8379554233105556
713,ICE,0.6264662264911421
714,ICF,0.5669383286357431
715,ICG,0.6560822592174828
716,ICH,0.7473856138239744
717,ICI,0.7422088138943005
718,ICK,0.7648266649205006
719,ICL,0.797468869177094
720,IDA,0.8800869033203281
721,IDC,0.585456255130473
722,IDD,0.8648243249453605
723,IDE,0.6533351281259472
724,IDF,0.5938072302705483
725,IDG,0.6829511608522877
726,IDH,0.7742545154587793
727,IDI,0.7690777155291055
728,IDK,0.7916955665553056
729,IDL,0.8243377708118991
730,IEA,0.7114618946119712
731,IEC,0.416831246422116
732,IED,0.6961993162370037
733,IEE,0.48471011941759024
734,IEF,0.4251822215621912
735,IEG,0.5143261521439307
736,IEH,0.6056295067504225
737,IEI,0.6004527068207486
738,IEK,0.6230705578469485
739,IEL,0.655712762103542
740,IFA,0.7278475152186029
741,IFC,0.4332168670287477
742,IFD,0.7125849368436353
743,IFE,0.5010957400242219
744,IFF,0.4415678421688229
745,IFG,0.5307117727505625
746,IFH,0.6220151273570541
747,IFI,0.6168383274273802
748,IFK,0.6394561784535803
749,IFL,0.6720983827101737
750,IGA,0.5532604182927098
751,IGC,0.25862977010285454
752,IGD,0.5379978399177422
753,IGE,0.3265086430983288
754,IGF,0.2669807452429298
755,IGG,0.3561246758246693
756,IGH,0.4474280304311611
757,IGI,0.4422512305014871
758,IGK,0.4648690815276872
759,IGL,0.49751128578428067
760,IHA,0.5774708815965691
761,IHC,0.2828402334067139
762,IHD,0.5622083032216015
763,IHE,0.3507191064021882
764,IHF,0.29119120854678915
765,IHG,0.3803351391285286
766,IHH,0.4716384937350204
767,IHI,0.46646169380534647
768,IHK,0.48907954483154653
769,IHL,0.52172174908814
770,IIA,0.6447083392697087
771,IIC,0.35007769107985354
772,IID,0.6294457608947411
773,IIE,0.4179565640753277
774,IIF,0.35842866621992875
775,IIG,0.44757259680166833
776,IIH,0.5388759514081599
777,III,0.5336991514784861
778,IIK,0.5563170025046861
779,IIL,0.5889592067612796
780,IKA,0.7608966636978473
781,IKC,0.46626601550799207
782,IKD,0.7456340853228798
783,IKE,0.5341448885034663
784,IKF,0.4746169906480673
785,IKG,0.5637609212298068
786,IKH,0.6550642758362986
787,IKI,0.6498874759066247
788,IKK,0.6725053269328246
789,IKL,0.7051475311894181
790,ILA,0.7307054753150393
791,ILC,0.43607482712518414
792,ILD,0.7154428969400718
793,ILE,0.5039537001206583
794,ILF,0.4444258022652594
795,ILG,0.5335697328469989
796,ILH,0.6248730874534906
797,ILI,0.6196962875238167
798,ILK,0.6423141385500167
799,ILL,0.6749563428066102
800,KAA,0.7201791475796303
801,KAC,0.4255484993897751
802,KAD,0.7049165692046628
803,KAE,0.49342737238524936
804,KAF,0.43389947452985034
805,KAG,0.5230434051115899
806,KAH,0.6143467597180816
807,KAI,0.6091699597884077
808,KAK,0.6317878108146077
809,KAL,0.6644300150712011
810,KCA,0.7734127356438715
811,KCC,0.4787820874540163
812,KCD,0.7581501572689039
813,KCE,0.5466609604494905
814,KCF,0.48713306259409156
815,KCG,0.576276993175831
816,KCH,0.6675803477823227
817,KCI,0.6624035478526489
818,KCK,0.6850213988788489
819,KCL,0.7176636031354424
820,KDA,0.8002816372786765
821,KDC,0.5056509890888213
822,KDD,0.785019058903709
823,KDE,0.5735298620842956
824,KDF,0.5140019642288965
825,KDG,0.6031458948106361
826,KDH,0.6944492494171278
827,KDI,0.6892724494874539
828,KDK,0.7118903005136539
829,KDL,0.7445325047702473
830,KEA,0.6316566285703196
831,KEC,0.33702598038046433
832,KED,0.6163940501953521
833,KEE,0.4049048533759387
834,KEF,0.34537695552053965
835,KEG,0.4345208861022791
836,KEH,0.5258242407087709
837,KEI,0.520647440779097
838,KEK,0.543265291805297
839,KEL,0.5759074960618905
840,KFA,0.6480422491769512
841,KFC,0.353411600987096
842,KFD,0.6327796708019836
843,KFE,0.42129047398257025
844,KFF,0.3617625761271713
845,KFG,0.4509065067089108
846,KFH,0.5422098613154025
847,KFI,0.5370330613857286
848,KFK,0.5596509124119287
849,KFL,0.5922931166685221
850,KGA,0.4734551522510581
851,KGC,0.17882450406120295
852,KGD,0.4581925738760906
853,KGE,0.2467033770566772
854,KGF,0.1871754792012782
855,KGG,0.2763194097830177
856,KGH,0.3676227643895094
857,KGI,0.3624459644598355
858,KGK,0.3850638154860356
859,KGL,0.41770601974262905
860,KHA,0.49766561555491745
861,KHC,0.2030349673650623
862,KHD,0.4824030371799499
863,KHE,0.2709138403605365
864,KHF,0.21138594250513754
865,KHG,0.30052987308687706
866,KHH,0.39183322769336876
867,KHI,0.38665642776369485
868,KHK,0.4092742787898949
869,KHL,0.4419164830464884
870,KIA,0.5649030732280571
871,KIC,0.27027242503820187
872,KID,0.5496404948530896
873,KIE,0.3381512980336761
874,KIF,0.27862340017827714
875,KIG,0.36776733076001666
876,KIH,0.45907068536650836
877,KII,0.45389388543683445
878,KIK,0.47651173646303446
879,KIL,0.5091539407196279
880,KKA,0.6810913976561958
881,KKC,0.3864607494663405
882,KKD,0.6658288192812282
883,KKE,0.45433962246181475
884,KKF,0.3948117246064157
885,KKG,0.48395565518815525
886,KKH,0.575259009794647
887,KKI,0.570082209864973
888,KKK,0.5927000608911731
889,KKL,0.6253422651477666
890,KLA,0.6509002092733877
891,KLC,0.3562695610835325
892,KLD,0.6356376308984202
893,KLE,0.4241484340790067
894,KLF,0.36462053622360774
895,KLG,0.4537644668053473
896,KLH,0.545067821411839
897,KLI,0.5398910214821652
898,KLK,0.5625088725083651
899,KLL,0.5951510767649586
900,LAA,0.6135006022532151
901,LAC,0.31886995406335994
902,LAD,0.5982380238782476
903,LAE,0.3867488270588342
904,LAF,0.3272209292034352
905,LAG,0.41636485978517473
906,LAH,0.5076682143916664
907,LAI,0.5024914144619925
908,LAK,0.5251092654881925
909,LAL,0.557751469744786
910,LCA,0.6667341903174563
911,LCC,0.37210354212760105
912,LCD,0.6514716119424887
913,LCE,0.4399824151230753
914,LCF,0.38045451726767626
915,LCG,0.4695984478494158
916,LCH,0.5609018024559075
917,LCI,0.5557250025262336
918,LCK,0.5783428535524336
919,LCL,0.6109850578090271
920,LDA,0.6936030919522613
921,LDC,0.3989724437624061
922,LDD,0.6783405135772939
923,LDE,0.46685131675788033
924,LDF,0.4073234189024813
925,LDG,0.4964673494842209
926,LDH,0.5877707040907126
927,LDI,0.5825939041610387
928,LDK,0.6052117551872387
929,LDL,0.6378539594438322
930,LEA,0.5249780832439043
931,LEC,0.23034743505404917
932,LED,0.5097155048689368
933,LEE,0.2982263080495234
934,LEF,0.2386984101941244
935,LEG,0.32784234077586394
936,LEH,0.41914569538235563
937,LEI,0.41396889545268173
938,LEK,0.4365867464788818
939,LEL,0.46922895073547527
940,LFA,0.541363703850536
941,LFC,0.2467330556606808
942,LFD,0.5261011254755684
943,LFE,0.314611928656155
944,LFF,0.25508403080075603
945,LFG,0.3442279613824956
946,LFH,0.43553131598898726
947,LFI,0.4303545160593134
948,LFK,0.4529723670855134
949,LFL,0.4856145713421069
950,LGA,0.3667766069246429
951,LGC,0.07214595873478773
952,LGD,0.3515140285496754
953,LGE,0.14002483173026195
954,LGF,0.08049693387486297
955,LGG,0.1696408644566025
956,LGH,0.26094421906309423
957,LGI,0.2557674191334203
958,LGK,0.27838527015962033
959,LGL,0.3110274744162138
960,LHA,0.39098707022850226
961,LHC,0.09635642203864707
962,LHD,0.37572449185353474
963,LHE,0.1642352950341213
964,LHF,0.10470739717872231
965,LHG,0.19385132776046185
966,LHH,0.28515468236695357
967,LHI,0.27997788243727967
968,LHK,0.3025957334634797
969,LHL,0.33523793772007315
970,LIA,0.45822452790164186
971,LIC,0.16359387971178665
972,LID,0.44296194952667434
973,LIE,0.2314727527072609
974,LIF,0.17194485485186192
975,LIG,0.2610887854336014
976,LIH,0.35239214004009317
977,LII,0.3472153401104192
978,LIK,0.3698331911366193
979,LIL,0.40247539539321275
980,LKA,0.5744128523297803
981,LKC,0.2797822041399252
982,LKD,0.5591502739548129
983,LKE,0.34766107713539945
984,LKF,0.2881331792800005
985,LKG,0.37727710986174
986,LKH,0.4685804644682317
987,LKI,0.4634036645385578
988,LKK,0.48602151556475787
989,LKL,0.5186637198213514
990,LLA,0.5442216639469725
991,LLC,0.24959101575711728
992,LLD,0.528959085572005
993,LLE,0.3174698887525915
994,LLF,0.25794199089719255
995,LLG,0.3470859214789321
996,LLH,0.4383892760854238
997,LLI,0.43321247615574987
998,LLK,0.4558303271819499
999,LLL,0.48847253143854336
